id,recommended
9,1
27,0
28,0
40,1
44,0
45,1
48,0
62,1
67,1
69,1
72,1
77,1
79,0
83,0
89,1
90,1
95,1
98,1
105,1
106,1
110,0
120,1
122,0
136,1
141,0
143,0
148,1
153,1
156,0
158,1
164,0
173,0
174,1
176,1
178,1
190,1
191,0
195,1
199,1
214,1
215,1
223,1
224,1
229,1
230,0
237,1
240,1
243,1
246,0
248,1
264,1
266,1
273,1
276,0
278,1
280,1
284,1
287,1
289,0
292,1
307,1
313,1
315,1
317,0
324,0
338,0
347,1
360,1
362,1
365,1
367,1
377,1
386,0
387,1
389,0
393,1
395,0
402,1
404,0
406,0
410,0
414,0
415,1
422,1
423,1
426,0
427,0
429,0
430,0
437,1
441,0
442,1
443,1
448,1
449,1
453,1
454,0
455,0
460,0
464,0
475,1
476,0
482,1
483,1
488,1
500,1
501,0
506,1
513,1
514,1
518,1
519,0
527,1
535,0
538,0
539,0
541,0
543,0
552,1
554,1
556,0
558,1
560,0
563,0
576,0
577,0
583,0
586,1
587,0
596,0
601,0
610,0
617,1
619,0
623,0
639,0
640,0
641,1
653,1
654,0
660,1
666,1
672,0
675,1
677,0
683,1
693,1
696,0
698,1
705,0
708,1
714,0
734,1
740,0
747,1
750,1
752,1
757,1
760,1
764,1
777,0
782,1
788,0
793,0
802,1
804,1
805,1
806,1
807,0
808,1
809,0
811,0
813,0
816,1
823,0
826,0
827,1
831,1
838,0
840,1
846,1
849,1
851,0
856,1
867,1
880,0
884,0
885,1
889,1
894,1
906,1
909,0
915,0
931,0
934,0
938,0
941,1
946,1
950,1
953,0
971,0
972,1
977,1
988,1
989,0
990,1
1002,1
1009,0
1014,1
1015,0
1022,1
1028,0
1030,0
1038,1
1040,1
1047,1
1048,1
1049,1
1051,1
1055,1
1060,0
1067,0
1075,1
1077,1
1079,0
1082,1
1084,0
1085,0
1087,0
1088,1
1093,1
1094,1
1112,0
1115,1
1116,1
1120,0
1129,1
1130,1
1132,1
1137,1
1144,1
1159,0
1161,0
1164,1
1166,0
1170,1
1177,1
1180,1
1196,1
1199,1
1209,0
1214,1
1218,1
1220,0
1226,1
1227,1
1237,1
1269,0
1274,1
1276,1
1277,0
1280,1
1290,1
1294,1
1302,1
1307,0
1309,0
1310,1
1314,1
1316,1
1318,0
1331,1
1344,0
1346,1
1347,1
1348,1
1349,1
1351,1
1358,0
1363,0
1371,1
1373,0
1375,0
1376,1
1382,1
1389,1
1394,1
1395,0
1397,0
1400,1
1413,0
1417,1
1423,1
1429,1
1437,0
1438,1
1443,1
1464,0
1472,0
1477,1
1478,0
1481,1
1483,1
1484,0
1488,1
1489,1
1496,1
1502,1
1503,1
1504,1
1506,0
1514,1
1521,0
1542,1
1543,1
1545,1
1546,0
1549,1
1552,1
1558,0
1560,1
1566,0
1568,0
1572,1
1581,1
1584,1
1585,0
1586,0
1597,0
1599,1
1604,1
1607,1
1609,0
1619,1
1635,1
1642,1
1648,0
1659,0
1660,1
1663,0
1667,0
1680,0
1688,0
1694,1
1697,1
1699,1
1714,0
1717,1
1719,1
1720,0
1721,0
1726,0
1728,1
1731,1
1735,0
1738,1
1739,1
1744,1
1745,0
1747,1
1748,1
1751,1
1753,1
1758,1
1761,1
1762,0
1763,0
1766,0
1777,1
1779,1
1782,0
1784,0
1795,0
1796,0
1798,1
1809,0
1814,0
1816,1
1830,1
1832,0
1835,1
1837,1
1842,1
1847,0
1848,0
1851,1
1859,0
1861,1
1880,0
1881,1
1883,0
1884,1
1888,0
1889,1
1890,0
1892,1
1895,0
1896,0
1897,0
1898,1
1899,0
1908,0
1912,0
1914,1
1923,0
1926,0
1927,1
1932,1
1941,1
1945,0
1949,0
1955,0
1956,1
1958,0
1970,0
1972,1
1976,1
1978,1
1986,1
1992,1
1994,0
1998,0
2014,0
2015,1
2017,1
2018,1
2024,0
2025,1
2026,1
2033,0
2044,1
2045,1
2047,0
2049,0
2060,1
2068,1
2074,0
2075,1
2086,1
2087,1
2094,1
2099,0
2121,1
2125,0
2127,0
2128,1
2129,0
2142,1
2156,0
2163,0
2168,1
2174,0
2175,0
2176,0
2177,0
2180,0
2190,0
2200,0
2209,0
2211,0
2213,1
2222,1
2223,0
2231,0
2233,0
2235,0
2237,1
2239,0
2241,0
2245,0
2247,0
2250,0
2251,0
2254,0
2257,0
2265,0
2269,0
2279,1
2283,0
2288,1
2293,1
2296,0
2300,0
2303,0
2305,0
2308,0
2319,0
2321,0
2324,0
2326,1
2343,0
2346,0
2349,0
2351,0
2371,0
2372,1
2374,0
2377,0
2383,0
2385,0
2389,1
2393,0
2394,0
2395,0
2401,0
2405,0
2406,0
2407,0
2418,0
2444,0
2450,0
2455,0
2457,0
2458,0
2461,1
2465,1
2469,0
2470,1
2472,1
2484,0
2488,1
2493,0
2495,0
2500,0
2502,1
2508,0
2512,0
2513,0
2517,0
2521,0
2543,0
2544,1
2547,1
2552,1
2557,0
2559,0
2562,1
2564,0
2573,0
2575,1
2586,1
2587,0
2591,0
2593,1
2596,0
2598,0
2622,0
2626,1
2629,0
2636,0
2641,1
2642,1
2646,0
2654,0
2657,0
2658,0
2666,0
2668,0
2670,1
2674,0
2690,0
2708,0
2711,0
2720,0
2724,0
2725,0
2729,0
2732,0
2734,1
2738,1
2741,1
2746,0
2748,0
2750,0
2755,1
2774,1
2776,0
2780,0
2783,0
2788,0
2789,0
2792,0
2802,1
2805,0
2814,0
2815,0
2818,0
2825,0
2828,0
2830,1
2831,0
2846,0
2847,0
2862,0
2871,0
2873,0
2885,0
2888,1
2889,0
2893,0
2901,1
2903,0
2906,0
2908,1
2911,0
2915,1
2916,0
2919,0
2921,1
2925,1
2928,1
2930,0
2936,0
2937,1
2939,1
2941,1
2942,0
2947,1
2949,0
2959,1
2961,1
2976,1
2980,0
2992,0
2997,0
3009,0
3011,1
3014,0
3016,0
3020,1
3021,1
3022,1
3025,0
3027,0
3035,1
3036,0
3045,0
3054,0
3055,0
3057,1
3064,0
3065,1
3068,0
3075,0
3083,1
3084,0
3090,0
3097,0
3099,0
3102,0
3103,0
3112,0
3121,0
3135,0
3136,0
3139,1
3148,0
3154,0
3166,0
3177,1
3185,0
3187,1
3189,0
3202,1
3212,0
3223,1
3233,0
3237,0
3238,0
3241,0
3242,1
3247,0
3254,1
3256,0
3258,0
3260,0
3264,1
3265,0
3268,0
3273,0
3274,0
3282,0
3283,0
3299,1
3307,0
3309,0
3310,1
3313,0
3320,1
3325,0
3326,0
3328,0
3338,0
3340,1
3344,0
3354,1
3360,0
3365,1
3367,0
3374,0
3378,0
3393,0
3399,0
3401,0
3404,1
3406,1
3407,0
3428,0
3433,0
3435,0
3439,1
3447,0
3457,0
3463,1
3464,0
3469,1
3470,0
3473,0
3475,1
3481,1
3487,1
3491,1
3494,0
3495,0
3504,1
3508,1
3510,1
3513,0
3517,0
3524,0
3525,0
3528,0
3529,0
3531,0
3532,0
3544,0
3548,0
3551,0
3558,0
3559,0
3560,0
3576,1
3583,1
3593,1
3598,1
3615,1
3619,0
3624,1
3633,0
3637,1
3657,0
3662,0
3664,0
3666,1
3670,0
3676,1
3680,1
3685,0
3689,1
3692,0
3693,1
3696,0
3697,1
3698,1
3706,0
3718,0
3720,1
3727,1
3731,1
3733,0
3746,1
3749,0
3752,1
3754,1
3756,0
3761,1
3764,0
3777,1
3780,0
3786,0
3793,0
3794,1
3795,1
3798,0
3799,1
3800,0
3801,1
3806,1
3814,1
3819,1
3820,0
3832,0
3833,0
3836,1
3839,1
3843,1
3851,0
3855,1
3857,0
3859,0
3861,0
3863,0
3870,1
3877,0
3885,0
3896,1
3905,0
3909,0
3912,0
3913,0
3919,0
3920,0
3922,0
3923,1
3925,0
3930,1
3936,1
3937,1
3941,1
3942,1
3944,1
3953,1
3955,1
3964,1
3966,0
3973,0
3976,0
3977,1
4009,0
4014,1
4017,1
4018,0
4020,0
4026,1
4029,0
4030,0
4031,1
4039,1
4049,0
4050,0
4057,0
4060,0
4061,1
4062,1
4067,1
4068,0
4071,1
4086,0
4088,1
4089,1
4093,0
4095,1
4105,1
4110,1
4126,0
4127,0
4132,1
4142,0
4143,1
4151,0
4152,0
4154,1
4163,1
4173,1
4178,1
4179,1
4182,0
4187,0
4188,0
4193,0
4196,1
4200,1
4207,1
4208,1
4215,1
4217,0
4220,0
4221,1
4227,0
4228,0
4231,1
4233,0
4235,1
4236,0
4238,1
4239,0
4243,1
4245,0
4247,0
4252,1
4257,0
4258,1
4262,0
4264,0
4268,0
4271,1
4279,1
4289,0
4294,1
4298,0
4299,0
4308,1
4311,0
4312,1
4317,0
4319,0
4333,0
4336,1
4337,1
4339,1
4344,0
4350,1
4352,1
4357,0
4366,1
4367,1
4374,1
4376,0
4381,0
4384,1
4385,0
4389,0
4397,1
4408,1
4414,1
4417,0
4421,0
4428,0
4431,1
4434,1
4436,1
4448,1
4469,0
4470,1
4472,0
4473,1
4491,1
4492,0
4494,1
4507,0
4512,0
4513,1
4515,1
4525,1
4528,0
4532,0
4535,0
4539,1
4540,0
4545,1
4547,0
4550,1
4558,1
4564,0
4571,1
4576,1
4589,1
4590,0
4593,0
4594,1
4595,0
4596,1
4599,1
4602,1
4606,0
4610,0
4615,0
4616,0
4622,0
4623,0
4626,1
4627,0
4628,1
4631,0
4633,1
4635,0
4653,0
4656,0
4667,1
4668,0
4673,1
4676,1
4682,0
4683,1
4691,0
4698,1
4711,0
4712,1
4716,0
4726,0
4739,0
4747,0
4749,1
4752,1
4756,1
4771,1
4774,1
4776,1
4796,0
4800,1
4804,0
4811,1
4813,1
4815,1
4818,1
4831,0
4837,0
4840,1
4842,1
4865,0
4868,1
4878,0
4884,0
4885,0
4886,0
4887,0
4892,1
4894,0
4905,1
4907,1
4909,1
4910,0
4911,0
4914,1
4917,1
4921,0
4923,1
4926,1
4929,0
4930,0
4942,0
4944,0
4945,1
4946,0
4947,1
4954,0
4958,0
4968,1
4969,1
4975,1
4981,0
4987,1
4989,1
4991,1
4992,0
4994,0
4998,1
4999,1
5001,1
5004,0
5019,1
5023,0
5029,1
5035,1
5038,1
5040,0
5050,0
5057,1
5066,0
5068,0
5069,0
5077,0
5083,1
5086,0
5089,1
5092,0
5094,0
5097,1
5100,1
5102,0
5119,0
5121,1
5122,0
5124,1
5128,1
5131,1
5133,1
5138,1
5144,1
5152,1
5157,1
5165,1
5168,1
5181,0
5185,0
5191,1
5194,0
5197,1
5198,1
5199,0
5211,1
5212,1
5222,0
5245,0
5256,1
5259,1
5263,0
5269,0
5270,1
5274,1
5279,1
5287,1
5290,1
5298,0
5300,1
5301,0
5303,0
5305,1
5317,1
5321,0
5326,1
5340,0
5352,1
5354,1
5361,1
5371,1
5372,1
5379,0
5380,0
5384,1
5387,1
5394,1
5406,0
5412,0
5414,0
5416,1
5425,1
5428,0
5434,1
5436,1
5445,1
5469,0
5471,0
5475,1
5476,1
5490,1
5497,1
5500,0
5501,0
5504,1
5507,1
5508,0
5516,1
5523,0
5546,0
5548,1
5569,1
5577,1
5580,0
5582,0
5588,1
5591,1
5592,0
5593,0
5594,0
5597,1
5604,1
5606,0
5609,1
5612,1
5615,0
5630,1
5633,1
5635,1
5641,1
5646,1
5647,1
5649,0
5657,0
5662,0
5663,1
5666,0
5667,1
5670,0
5677,0
5682,0
5686,1
5693,1
5695,0
5697,1
5701,0
5706,1
5708,0
5709,1
5712,1
5716,1
5720,1
5724,1
5734,1
5737,0
5742,0
5748,0
5750,0
5752,1
5755,1
5756,1
5758,1
5765,0
5766,1
5769,1
5783,1
5787,1
5791,0
5792,0
5795,1
5796,1
5797,1
5802,1
5807,1
5816,1
5830,1
5831,1
5832,1
5839,0
5842,1
5843,1
5844,1
5859,0
5866,0
5872,1
5882,1
5891,0
5899,0
5902,1
5907,0
5908,0
5914,0
5917,0
5921,0
5930,1
5934,0
5939,1
5943,1
5946,1
5947,1
5950,0
5952,1
5956,1
5959,1
5973,0
5974,0
5975,0
5976,1
5981,1
5983,0
5987,1
5990,1
5992,1
5994,1
5995,1
6005,1
6012,0
6029,1
6042,1
6051,0
6059,1
6063,0
6068,1
6081,1
6085,1
6094,1
6097,1
6099,1
6103,1
6109,1
6111,1
6115,1
6124,1
6126,1
6138,1
6141,1
6142,1
6156,1
6161,0
6165,1
6168,0
6174,1
6175,1
6176,1
6179,1
6182,1
6189,1
6199,1
6202,1
6203,1
6212,1
6214,1
6216,1
6217,0
6230,1
6236,0
6238,1
6239,1
6252,1
6256,1
6257,1
6260,1
6266,1
6268,0
6276,1
6281,0
6286,0
6291,1
6314,0
6319,0
6324,1
6325,1
6327,1
6328,1
6336,1
6343,0
6345,1
6350,1
6351,0
6359,1
6361,0
6366,0
6369,1
6371,1
6372,0
6375,0
6391,0
6393,0
6404,0
6411,1
6426,1
6429,0
6437,0
6439,0
6440,0
6443,1
6459,1
6469,1
6470,1
6476,1
6480,0
6483,0
6490,1
6495,0
6498,0
6502,1
6503,0
6506,0
6508,1
6519,1
6523,1
6527,1
6536,0
6544,1
6550,1
6554,1
6568,0
6569,1
6573,1
6577,0
6578,1
6589,1
6590,1
6594,1
6599,1
6603,0
6613,0
6619,0
6624,0
6627,1
6633,1
6635,0
6637,1
6639,1
6642,0
6650,0
6659,1
6663,0
6664,1
6671,0
6682,0
6688,0
6695,1
6708,1
6709,0
6712,0
6715,0
6719,0
6723,1
6726,0
6730,0
6756,0
6769,0
6772,1
6779,0
6783,0
6806,1
6810,0
6814,0
6818,1
6822,0
6827,0
6829,1
6833,0
6839,1
6844,1
6849,1
6856,0
6868,1
6869,1
6872,0
6877,1
6879,0
6881,1
6883,1
6890,0
6899,0
6901,0
6902,0
6903,0
6904,0
6914,0
6922,1
6925,0
6931,0
6945,1
6953,1
6956,0
6959,1
6962,1
6967,1
6970,0
6975,0
6997,1
7003,1
7005,0
7009,0
7014,0
7020,1
7022,1
7029,0
7030,1
7037,0
7045,0
7048,0
7049,0
7060,1
7064,1
7065,1
7069,0
7070,0
7075,1
7079,1
7087,1
7090,1
7110,1
7111,0
7115,0
7119,0
7124,0
7133,0
7135,0
7151,1
7159,1
7163,0
7164,0
7167,1
7168,0
7169,1
7177,0
7184,1
7186,0
7195,0
7203,1
7204,1
7207,0
7211,1
7214,1
7217,0
7219,1
7232,0
7257,0
7258,0
7268,0
7272,0
7276,0
7283,0
7292,0
7300,1
7302,0
7306,0
7308,0
7309,1
7312,0
7319,1
7320,0
7321,0
7323,1
7334,0
7335,0
7349,0
7354,0
7359,0
7363,1
7372,1
7376,0
7386,0
7388,1
7399,0
7400,1
7402,1
7412,1
7415,0
7418,1
7419,0
7424,1
7437,1
7444,0
7456,0
7459,1
7476,1
7477,0
7482,1
7483,1
7489,0
7490,0
7494,1
7504,1
7512,0
7515,1
7530,0
7540,1
7543,1
7550,0
7551,1
7557,1
7560,0
7567,1
7575,0
7577,0
7585,0
7586,0
7591,1
7592,0
7593,1
7595,1
7597,1
7605,1
7607,0
7613,1
7625,0
7628,0
7632,1
7636,0
7638,1
7639,0
7640,0
7642,1
7645,0
7654,0
7664,0
7665,0
7666,0
7674,1
7695,0
7697,0
7704,0
7707,0
7708,0
7711,0
7720,0
7721,1
7722,0
7724,0
7728,0
7731,0
7732,0
7738,1
7744,0
7752,0
7757,0
7768,1
7770,1
7773,0
7785,1
7791,0
7792,1
7795,0
7799,1
7815,1
7820,1
7822,0
7823,0
7826,1
7838,1
7840,0
7841,1
7848,0
7849,1
7853,0
7855,0
7866,0
7873,1
7881,0
7882,1
7885,1
7889,1
7890,0
7892,0
7901,1
7903,0
7904,1
7906,1
7907,0
7913,0
7915,0
7919,1
7931,0
7934,0
7938,0
7948,1
7957,1
7964,1
7984,0
7996,0
8003,0
8008,1
8009,0
8012,0
8015,1
8022,0
8024,1
8027,1
8041,1
8046,0
8057,0
8060,1
8062,0
8069,0
8071,1
8076,0
8079,1
8080,1
8089,0
8098,0
8101,1
8102,1
8105,1
8107,1
8108,0
8111,1
8113,1
8119,1
8123,0
8128,1
8130,1
8137,1
8138,1
8139,0
8140,1
8145,0
8149,0
8164,1
8170,0
8181,1
8191,1
8210,0
8211,0
8212,0
8225,0
8226,0
8234,1
8237,0
8239,0
8243,1
8254,0
8277,0
8278,0
8286,0
8287,0
8292,0
8293,1
8315,1
8317,1
8318,1
8319,1
8321,1
8322,1
8326,0
8332,0
8333,1
8334,0
8336,1
8339,0
8341,1
8344,0
8350,0
8359,0
8362,0
8363,0
8372,1
8375,1
8376,0
8380,0
8385,0
8397,0
8404,0
8422,1
8425,1
8428,1
8429,1
8431,1
8440,0
8441,1
8449,1
8451,1
8452,0
8457,1
8462,1
8463,0
8464,1
8471,1
8485,1
8487,0
8496,1
8498,1
8499,0
8519,1
8530,0
8533,1
8539,0
8548,1
8552,1
8563,1
8567,1
8568,0
8572,1
8583,1
8592,0
8597,1
8608,1
8619,1
8621,1
8622,0
8623,1
8631,1
8632,1
8639,1
8645,1
8647,1
8648,1
8649,1
8654,1
8660,0
8663,1
8671,0
8678,0
8679,0
8681,1
8692,0
8693,0
8694,1
8695,1
8696,1
8697,0
8700,1
8709,1
8711,1
8716,1
8731,1
8734,0
8736,0
8740,1
8748,0
8758,1
8760,1
8770,0
8771,1
8785,0
8786,1
8789,1
8792,1
8794,0
8800,1
8802,0
8815,1
8821,0
8822,1
8825,1
8827,1
8834,0
8836,1
8844,1
8851,0
8854,1
8859,1
8873,1
8875,1
8877,1
8886,0
8890,0
8905,1
8907,1
8923,1
8925,1
8928,0
8929,1
8930,1
8931,1
8932,0
8935,1
8937,1
8938,1
8952,1
8959,0
8961,1
8963,1
8967,1
8972,1
8974,0
8975,0
8983,0
8994,0
9004,1
9016,0
9019,1
9024,1
9027,1
9032,0
9035,1
9037,1
9042,0
9047,1
9072,1
9075,0
9077,0
9089,1
9091,1
9093,0
9094,0
9095,1
9098,0
9099,1
9101,1
9105,0
9114,1
9115,1
9145,1
9147,1
9156,1
9159,1
9162,1
9163,1
9167,1
9174,0
9177,1
9179,0
9180,1
9181,1
9195,1
9200,1
9207,1
9209,1
9219,1
9226,0
9228,1
9229,1
9243,1
9249,1
9260,1
9262,1
9265,1
9268,1
9273,1
9276,1
9280,1
9287,1
9288,1
9293,1
9297,1
9299,1
9300,1
9302,1
9308,1
9320,1
9321,1
9324,1
9338,1
9339,1
9345,1
9347,1
9351,1
9359,1
9360,1
9361,1
9362,1
9370,0
9373,1
9374,1
9385,1
9386,0
9387,1
9388,1
9390,1
9393,0
9394,0
9400,1
9405,0
9407,0
9412,1
9442,0
9447,1
9450,0
9464,1
9474,0
9476,0
9479,0
9488,0
9495,0
9496,0
9503,1
9507,0
9524,1
9526,1
9532,1
9533,1
9541,0
9544,1
9554,1
9555,1
9561,0
9565,0
9566,1
9567,1
9568,0
9569,0
9570,0
9575,1
9580,1
9588,1
9595,1
9625,1
9626,1
9631,0
9640,0
9644,1
9648,1
9656,1
9660,1
9669,1
9670,1
9671,1
9681,1
9687,1
9693,1
9694,1
9702,0
9711,0
9718,1
9728,1
9738,0
9741,0
9742,1
9746,1
9748,1
9755,0
9758,1
9764,1
9773,1
9783,1
9787,1
9789,0
9804,1
9809,1
9824,1
9842,0
9847,1
9856,0
9857,1
9859,0
9866,1
9870,0
9873,0
9876,0
9879,1
9880,1
9881,1
9887,1
9889,1
9890,1
9894,1
9895,0
9899,1
9908,1
9913,0
9914,1
9916,1
9923,1
9924,1
9928,0
9934,0
9935,1
9940,1
9946,0
9949,0
9950,1
9955,0
9960,0
9961,1
9964,1
9968,1
9969,1
9973,1
9975,1
9978,1
9987,1
9997,0
10006,0
10008,0
10014,0
10035,1
10047,1
10050,0
10051,1
10052,1
10054,1
10056,0
10057,0
10060,1
10064,0
10069,1
10071,1
10077,1
10082,1
10090,1
10092,0
10100,0
10101,1
10104,1
10110,0
10112,1
10114,0
10115,1
10117,1
10122,1
10137,1
10140,1
10144,0
10146,0
10149,1
10150,1
10154,0
10159,1
10160,1
10165,1
10168,0
10174,1
10176,1
10180,1
10193,1
10196,1
10198,0
10203,1
10220,1
10222,1
10227,1
10235,1
10238,1
10248,0
10258,0
10261,1
10265,1
10266,1
10270,1
10276,0
10277,1
10281,0
10285,1
10289,1
10292,1
10296,1
10305,0
10315,0
10319,0
10322,0
10326,0
10329,1
10335,1
10336,1
10338,0
10342,1
10343,0
10351,0
10354,0
10358,1
10364,1
10370,0
10379,0
10384,1
10394,1
10398,0
10400,1
10412,1
10415,1
10417,1
10418,0
10424,0
10426,1
10431,0
10432,1
10436,1
10439,1
10448,1
10451,0
10455,1
10456,0
10465,1
10480,1
10484,0
10494,1
10495,0
10498,1
10499,1
10505,1
10507,1
10508,1
10524,0
10532,1
10541,0
10544,0
10547,0
10552,0
10553,0
10557,0
10558,1
10569,1
10570,1
10573,0
10579,1
10581,0
10593,0
10595,1
10599,1
10600,0
10601,0
10602,1
10610,0
10615,1
10622,1
10631,0
10632,1
10633,1
10636,0
10642,1
10655,1
10659,1
10664,0
10665,0
10683,1
10684,0
10686,0
10703,0
10707,0
10715,0
10717,0
10719,1
10727,0
10728,1
10729,0
10732,0
10737,0
10738,1
10743,1
10747,1
10752,1
10763,0
10764,1
10768,1
10769,0
10785,1
10786,1
10787,1
10790,0
10797,0
10802,1
10803,1
10805,1
10809,0
10811,0
10815,1
10817,1
10819,0
10833,0
10834,0
10843,0
10847,1
10856,0
10864,1
10869,0
10870,0
10874,1
10875,1
10887,1
10889,1
10893,1
10901,1
10903,1
10905,1
10909,0
10912,1
10921,1
10926,0
10931,0
10932,1
10934,1
10947,0
10952,0
10967,0
10973,0
10981,0
10985,0
10989,1
10990,0
10991,1
10999,1
11003,1
11005,1
11007,0
11020,1
11021,1
11054,1
11056,1
11057,1
11061,0
11071,1
11072,0
11074,1
11075,1
11077,0
11081,1
11082,0
11084,1
11090,1
11092,1
11093,1
11106,0
11114,0
11115,1
11116,1
11121,0
11131,1
11139,1
11145,0
11153,0
11158,1
11164,1
11185,1
11186,1
11188,1
11191,0
11200,1
11204,1
11210,1
11215,1
11217,0
11225,1
11226,1
11230,0
11240,0
11241,0
11242,0
11248,1
11255,1
11272,1
11276,1
11277,1
11285,0
11291,1
11293,1
11295,1
11311,0
11318,1
11322,1
11328,0
11335,1
11341,1
11345,0
11348,0
11351,1
11354,0
11367,0
11370,0
11382,1
11386,1
11389,1
11391,1
11392,1
11394,0
11402,1
11417,1
11418,0
11419,1
11422,1
11424,1
11426,0
11437,0
11438,1
11444,1
11445,1
11448,1
11455,1
11456,0
11458,1
11461,1
11463,0
11464,1
11475,1
11488,1
11498,1
11504,1
11506,0
11509,1
11515,0
11516,1
11526,0
11528,1
11530,1
11536,1
11548,0
11551,1
11554,1
11556,1
11558,0
11561,1
11566,1
11567,1
11575,0
11576,1
11582,0
11583,1
11585,1
11586,0
11593,1
11595,1
11597,1
11598,1
11604,0
11605,0
11613,1
11624,1
11627,0
11644,1
11646,0
11650,1
11659,1
11665,1
11669,1
11675,1
11676,1
11691,0
11692,1
11702,1
11704,1
11707,1
11709,0
11713,0
11719,0
11730,0
11731,1
11736,0
11737,0
11738,1
11740,1
11741,0
11746,1
11750,1
11755,1
11756,0
11769,1
11771,1
11774,0
11775,1
11782,0
11789,1
11796,0
11799,0
11818,1
11819,1
11824,1
11837,0
11848,1
11866,0
11868,0
11870,1
11872,1
11877,1
11879,1
11885,1
11889,0
11890,0
11891,0
11894,1
11903,0
11913,1
11923,1
11944,0
11947,0
11970,1
11974,1
11975,1
11980,1
11981,1
11984,1
11994,1
11999,0
12019,0
12022,1
12031,1
12039,1
12042,1
12044,1
12049,1
12061,1
12062,1
12064,1
12065,1
12069,0
12084,0
12089,1
12091,1
12099,0
12101,0
12102,1
12103,0
12107,1
12112,1
12114,0
12119,1
12125,0
12131,0
12132,1
12138,1
12142,1
12143,1
12145,1
12146,0
12150,0
12158,0
12161,1
12165,0
12169,0
12170,1
12172,1
12174,0
12179,1
12182,0
12201,1
12202,1
12207,1
12214,1
12215,0
12218,1
12219,1
12224,0
12234,0
12236,0
12238,1
12245,1
12246,1
12256,1
12257,1
12268,1
12278,1
12281,1
12289,1
12290,1
12291,1
12300,1
12309,0
12317,1
12318,0
12325,1
12328,0
12329,0
12334,0
12339,1
12340,1
12344,0
12347,1
12348,0
12352,1
12356,1
12361,1
12363,1
12364,1
12370,1
12377,1
12380,0
12383,1
12384,0
12385,0
12413,1
12416,1
12417,0
12421,1
12424,1
12437,1
12452,1
12454,1
12463,1
12464,1
12468,1
12470,1
12474,1
12476,1
12478,1
12482,1
12487,0
12493,1
12505,1
12506,0
12510,1
12513,0
12517,0
12521,0
12522,1
12526,1
12528,1
12529,1
12534,1
12540,1
12553,1
12559,0
12560,0
12567,1
12571,1
12572,0
12575,1
12581,0
12585,1
12594,0
12595,1
12599,1
12600,0
12608,0
12614,1
12615,1
12618,1
12620,1
12621,0
12622,1
12628,1
12645,1
12646,1
12654,0
12668,0
12669,1
12678,1
12680,1
12693,1
12707,1
12708,1
12709,1
12712,0
12719,0
12741,1
12743,0
12745,0
12746,1
12747,1
12752,1
12754,0
12758,1
12761,1
12764,0
12771,1
12778,1
12779,1
12781,0
12785,1
12788,0
12789,1
12793,1
12797,0
12801,0
12802,0
12810,1
12824,0
12829,0
12838,1
12842,1
12847,0
12861,0
12865,0
12871,0
12880,0
12882,0
12887,1
12891,0
12893,0
12897,1
12903,1
12904,1
12914,1
12916,1
12918,0
12922,0
12923,1
12926,1
12927,1
12939,0
12945,1
12950,1
12951,1
12962,1
12964,0
12966,1
12973,0
12975,1
12983,1
12985,1
12986,0
12989,1
12993,0
12998,0
13000,0
13003,0
13004,0
13027,1
13030,0
13035,0
13042,1
13043,0
13046,1
13048,0
13052,0
13062,0
13068,0
13071,1
13088,1
13100,1
13112,0
13123,1
13141,0
13142,1
13153,1
13154,1
13155,1
13157,1
13160,0
13163,1
13167,0
13168,0
13170,1
13183,1
13185,0
13186,0
13191,0
13197,0
13204,1
13208,0
13217,0
13218,0
13222,1
13242,0
13245,1
13256,1
13258,1
13259,1
13262,0
13265,0
13282,1
13286,0
13288,1
13293,0
13295,0
13297,0
13307,0
13308,1
13318,0
13321,0
13324,1
13335,0
13337,0
13339,0
13341,0
13343,0
13345,1
13346,0
13354,1
13360,0
13361,0
13369,0
13374,0
13385,0
13390,0
13394,1
13402,0
13403,0
13420,1
13421,1
13426,1
13432,1
13437,1
13451,0
13453,1
13454,1
13458,0
13468,0
13477,1
13478,0
13486,0
13487,0
13489,0
13491,1
13492,1
13504,0
13505,0
13524,1
13533,0
13534,0
13546,1
13547,1
13549,1
13564,1
13573,1
13578,1
13579,1
13584,1
13587,1
13588,0
13589,1
13602,1
13617,0
13618,1
13620,0
13624,1
13625,1
13626,1
13627,0
13631,1
13636,0
13652,1
13653,0
13655,0
13665,0
13668,1
13672,0
13677,1
13681,1
13689,1
13692,0
13695,1
13704,1
13705,1
13711,0
13718,0
13719,0
13721,1
13725,0
13731,1
13737,1
13744,1
13750,1
13751,0
13756,1
13758,0
13765,1
13770,0
13772,1
13776,0
13780,1
13785,0
13795,1
13796,0
13797,1
13799,0
13807,0
13809,0
13817,0
13821,1
13824,0
13831,0
13843,0
13851,1
13857,1
13866,0
13869,1
13872,0
13879,1
13885,1
13890,0
13897,1
13901,1
13903,1
13905,1
13906,1
13909,1
13914,1
13915,1
13916,1
13918,1
13928,1
13934,0
13938,1
13941,0
13944,1
13948,1
13951,1
13953,1
13957,0
13959,1
13967,0
13975,1
13979,1
13983,0
13992,1
13995,1
14001,1
14008,1
14009,1
14014,0
14015,1
14016,1
14017,1
14018,1
14020,1
14022,1
14023,0
14025,1
14040,1
14041,1
14042,1
14043,1
14053,1
14073,0
14085,1
14088,1
14092,0
14094,1
14096,1
14101,0
14115,0
14117,1
14123,1
14126,1
14127,0
14134,1
14138,1
14141,1
14143,1
14146,0
14147,0
14150,1
14153,1
14159,0
14182,0
14189,0
14190,0
14192,0
14196,1
14197,1
14207,1
14210,1
14218,0
14230,0
14236,0
14249,1
14257,1
14260,0
14262,0
14265,1
14269,1
14270,1
14285,1
14286,1
14295,1
14299,0
14300,0
14304,0
14306,1
14310,1
14318,1
14320,0
14322,1
14325,1
14326,1
14328,0
14329,0
14333,0
14335,0
14336,0
14340,0
14348,1
14352,1
14355,0
14361,1
14367,0
14370,0
14372,0
14374,0
14376,1
14379,1
14380,1
14383,1
14384,1
14394,1
14400,1
14401,0
14406,0
14421,1
14423,1
14425,1
14426,0
14429,1
14430,1
14435,1
14438,1
14451,0
14454,1
14458,1
14463,0
14464,0
14467,1
14474,1
14475,1
14477,0
14481,1
14493,1
14502,1
14509,1
14516,1
14519,0
14525,0
14531,1
14535,0
14540,1
14560,0
14562,0
14563,0
14571,0
14580,1
14582,1
14584,0
14587,1
14590,1
14595,1
14604,0
14614,1
14618,0
14620,1
14630,1
14643,0
14645,0
14646,0
14650,1
14652,0
14654,1
14655,1
14661,0
14666,0
14668,0
14670,1
14674,0
14678,1
14679,1
14686,1
14687,1
14689,1
14695,0
14696,1
14700,0
14706,0
14712,0
14715,1
14718,1
14724,1
14725,1
14730,1
14734,0
14740,1
14745,0
14753,1
14766,1
14767,0
14768,0
14772,0
14787,1
14799,0
14802,0
14804,1
14806,1
14809,0
14813,0
14815,1
14821,0
14822,1
14827,0
14830,0
14833,1
14843,0
14856,0
14859,1
14860,0
14872,0
14883,0
14890,0
14899,1
14910,1
14916,1
14922,0
14923,0
14924,0
14926,0
14927,1
14928,1
14930,0
14932,0
14933,1
14937,0
14941,1
14943,0
14945,1
14949,1
14957,1
14964,0
14973,1
14975,0
14997,1
14998,1
15000,1
15005,1
15018,1
15024,1
15027,0
15029,1
15031,0
15032,1
15033,0
15036,1
15038,0
15046,0
15059,0
15064,0
15065,1
15079,1
15081,0
15084,1
15091,0
15095,1
15096,1
15097,0
15113,0
15115,1
15123,0
15137,0
15138,0
15141,1
15147,1
15149,0
15156,0
15158,0
15164,1
15169,1
15179,0
15185,1
15189,0
15200,1
15205,1
15207,1
15223,0
15226,0
15230,0
15235,1
15238,0
15239,0
15243,1
15252,1
15263,1
15272,0
15286,1
15289,1
15290,1
15291,0
15292,0
15297,1
15304,0
15306,1
15308,1
15332,0
15340,1
15343,1
15347,1
15348,1
15354,1
15356,1
15371,1
15373,0
15374,1
15380,1
15385,0
15386,1
15388,1
15395,1
15399,1
15400,1
15406,0
15407,0
15427,1
15432,1
15435,0
15436,0
15439,1
15443,0
15444,1
15445,1
15448,1
15450,0
15453,0
15455,1
15457,1
15458,1
15459,1
15462,1
15465,1
15472,0
15475,1
15476,1
15477,0
15481,1
15484,1
15491,1
15502,1
15509,1
15511,1
15518,0
15519,1
15521,1
15525,0
15531,0
15532,1
15540,1
15541,1
15545,0
15550,0
15563,1
15569,1
15581,1
15582,1
15585,1
15586,1
15591,1
15593,1
15607,0
15608,1
15611,1
15617,1
15618,1
15629,0
15632,1
15634,1
15642,0
15647,0
15652,1
15662,1
15664,1
15665,1
15667,1
15668,1
15672,1
15673,0
15675,1
15677,1
15698,1
15700,0
15703,1
15704,1
15706,0
15709,0
15711,0
15726,0
15733,0
15741,0
15746,0
15751,1
15755,1
15759,1
15762,0
15775,1
15777,0
15781,1
15789,1
15794,1
15795,0
15805,1
15813,0
15815,1
15818,1
15825,0
15828,1
15835,0
15840,1
15844,0
15854,0
15857,0
15859,1
15860,1
15863,0
15867,0
15868,0
15874,1
15875,1
15884,0
15889,0
15891,1
15900,0
15902,1
15906,1
15908,1
15921,0
15936,1
15940,0
15946,0
15948,0
15949,0
15954,0
15959,1
15962,0
15964,0
15976,0
15978,0
15983,0
15993,0
16004,1
16005,0
16011,1
16013,1
16016,0
16020,0
16022,1
16026,0
16031,1
16037,1
16038,1
16046,1
16068,0
16072,0
16076,1
16081,0
16082,0
16089,1
16095,0
16104,0
16109,1
16112,1
16116,1
16126,0
16127,1
16134,1
16136,1
16137,1
16146,0
16147,1
16151,0
16163,0
16167,1
16168,0
16172,0
16173,0
16180,1
16181,1
16183,0
16184,1
16187,1
16196,0
16207,1
16212,0
16217,0
16225,0
16228,1
16231,1
16247,1
16249,0
16253,0
16257,1
16259,1
16271,0
16272,0
16273,0
16274,1
16278,1
16286,1
16291,0
16293,0
16295,0
16298,0
16301,1
16303,0
16304,0
16310,1
16312,1
16316,0
16320,0
16336,1
16347,0
16351,1
16357,0
16362,0
16363,0
16375,1
16378,1
16381,1
16386,1
16388,1
16389,0
16390,1
16391,1
16395,0
16398,0
16404,1
16409,1
16421,1
16422,0
16424,0
16425,1
16432,1
16437,1
16439,1
16456,1
16473,0
16479,0
16483,1
16484,0
16496,1
16502,1
16504,0
16506,1
16509,1
16514,1
16520,1
16527,0
16529,1
16531,1
16548,0
16550,1
16552,1
16553,1
16556,0
16568,1
16569,1
16571,1
16572,1
16581,1
16583,1
16596,1
16597,1
16598,1
16611,0
16613,1
16618,1
16620,1
16625,0
16634,0
16638,1
16641,1
16659,1
16665,1
16667,0
16676,1
16692,1
16697,1
16705,0
16711,1
16714,1
16727,0
16732,1
16734,0
16743,1
16744,1
16745,0
16749,1
16750,1
16756,1
16761,1
16762,1
16764,1
16765,1
16770,1
16800,0
16805,1
16806,1
16823,1
16827,0
16834,1
16837,0
16840,1
16843,0
16844,1
16846,1
16848,0
16854,0
16857,0
16864,1
16865,0
16868,1
16876,1
16878,1
16887,0
16895,0
16897,1
16905,1
16907,0
16910,1
16914,1
16920,0
16928,0
16929,0
16930,1
16933,0
16939,0
16943,1
16944,1
16946,1
16950,0
16952,0
16960,0
16962,0
16963,1
16982,1
16988,0
16992,0
16995,1
16999,0
17001,1
17004,0
17013,1
17017,0
17026,1
17029,0
17033,1
17039,1
17054,1
17062,0
17078,1
17084,0
17087,0
17089,0
17097,0
17098,0
17100,0
17102,0
17106,0
17111,1
17141,0
17143,0
17144,0
17145,1
17153,0
17168,0
17173,0
17178,0
17182,0
17185,1
17186,1
17189,0
17191,1
17206,0
17213,1
17214,1
17216,0
17223,1
17227,0
17230,0
17236,1
17251,0
17257,1
17259,0
17265,1
17269,0
17278,0
17281,0
17283,0
17290,0
17292,0
17293,0
17303,1
17317,0
17330,0
17333,1
17347,0
17348,1
17356,0
17359,0
17363,1
17368,1
17378,0
17385,1
17389,1
17399,0
17402,0
17404,0
17407,0
17412,1
17414,0
17422,1
17425,0
17430,1
17435,0
17436,1
17438,0
17441,1
17442,1
17452,0
17455,0
17459,1
17462,0
17465,0
17478,1
17479,0
17485,0
17486,0
17493,1
17500,0
17504,0
17506,0
17507,1
17509,0
17517,1
17532,0
17536,0
17539,0
17543,1
17548,1
17549,0
17555,1
17556,1
17557,1
17558,1
17564,1
17565,0
17567,1
17570,0
17576,0
17583,0
17585,1
17586,1
17587,0
17589,0
17595,1
17604,0
17609,1
17623,1
17624,0
17630,0
17639,1
17650,0
17661,0
17663,0
17664,0
17672,1
17674,1
17679,1
17684,0
17689,0
17692,0
17697,1
17699,1
17708,0
17717,0
17722,0
17724,0
17725,1
17726,0
17727,0
17735,0
17737,0
17742,1
17744,1
17747,1
17751,0
17752,1
17755,0
17759,1
17761,1
17766,1
17769,0
17770,1
17771,1
17777,0
17784,1
17787,0
17790,1
17792,1
17795,0
17801,1
17802,0
17807,1
17822,0
17829,1
17837,1
17842,1
17844,1
17858,0
17859,0
17860,1
17861,0
17863,0
17876,0
17878,1
17884,0
17891,0
17895,1
17897,1
17905,0
17908,1
17911,0
17913,1
17914,1
17915,0
17916,0
17923,0
17928,1
17940,1
17945,0
17960,1
17962,0
17967,1
17973,0
17985,1
17989,1
18025,1
18031,1
18035,0
18037,1
18041,1
18053,0
18058,0
18060,0
18064,0
18065,1
18069,1
18071,0
18078,0
18079,1
18080,1
18082,1
18086,1
18097,0
18101,0
18106,0
18107,1
18117,1
18126,0
18129,0
18130,0
18140,1
18142,1
18156,0
18157,1
18159,0
18168,0
18169,0
18171,1
18175,0
18176,0
18180,0
18181,0
18183,0
18186,0
18197,1
18204,1
18206,1
18209,0
18214,0
18216,1
18224,1
18229,0
18233,0
18242,0
18246,0
18252,1
18262,1
18272,0
18275,1
18278,1
18282,0
18284,0
18287,1
18288,0
18289,1
18300,0
18310,0
18313,1
18319,1
18327,1
18328,0
18333,1
18335,0
18342,0
18350,0
18352,1
18354,1
18355,1
18358,1
18364,0
18372,1
18375,1
18381,1
18382,1
18383,0
18387,0
18397,1
18400,0
18405,0
18410,0
18411,0
18414,0
18423,0
18424,1
18427,1
18436,0
18446,0
18451,0
18456,1
18457,0
18458,0
18460,0
18464,0
18466,1
18472,0
18473,1
18475,0
18485,1
18491,1
18497,1
18507,1
18511,1
18517,1
18519,0
18523,1
18531,0
18552,0
18556,1
18561,1
18570,1
18571,1
18582,0
18591,0
18594,1
18596,1
18605,0
18611,0
18612,1
18617,0
18624,1
18626,0
18630,1
18634,1
18638,1
18640,1
18662,1
18667,1
18689,1
18691,1
18700,1
18704,0
18706,1
18716,1
18722,0
18727,1
18735,0
18738,1
18739,0
18748,1
18749,1
18757,1
18758,1
18761,1
18763,0
18766,1
18773,0
18780,1
18782,1
18785,0
18789,1
18790,1
18807,0
18812,1
18815,0
18818,0
18829,1
18830,0
18833,1
18851,0
18853,1
18854,0
18856,0
18862,0
18863,1
18865,0
18867,0
18868,0
18872,0
18873,1
18874,1
18875,1
18876,1
18881,1
18892,1
18899,1
18914,1
18930,1
18939,1
18941,1
18942,0
18949,1
18951,1
18952,1
18954,1
18957,1
18967,1
18968,0
18976,1
18979,0
18982,1
18985,1
18987,0
18988,0
18992,1
19000,1
19001,1
19002,1
19003,0
19006,0
19007,1
19011,1
19012,1
19014,0
19016,1
19018,1
19021,1
19030,1
19031,1
19032,1
19034,0
19037,0
19040,1
19041,1
19048,0
19049,1
19053,1
19060,1
19061,1
19064,1
19065,1
19086,1
19087,0
19088,0
19096,1
19106,1
19116,1
19118,1
19129,1
19141,1
19145,1
19156,1
19165,1
19166,0
19175,0
19182,0
19184,0
19185,0
19186,0
19191,0
19192,0
19210,1
19212,1
19213,1
19214,1
19222,1
19225,1
19227,1
19235,0
19237,0
19241,0
19244,0
19245,0
19246,1
19251,1
19252,0
19257,1
19263,1
19275,0
19276,0
19279,1
19289,1
19292,0
19294,1
19299,0
19309,1
19314,0
19316,1
19325,1
19327,0
19332,0
19334,1
19335,0
19336,1
19340,0
19345,0
19347,1
19349,1
19359,1
19361,0
19366,0
19367,0
19368,1
19370,0
19381,1
19383,1
19384,0
19389,1
19391,1
19393,0
19395,0
19403,1
19412,0
19414,1
19415,0
19417,1
19426,0
19431,1
19435,0
19436,0
19444,0
19445,0
19449,0
19453,0
19455,0
19456,1
19461,0
19462,1
19465,1
19466,1
19472,0
19473,1
19475,1
19477,0
19478,1
19487,1
19489,1
19494,1
19496,1
19498,1
19499,1
19500,0
19511,1
19513,0
19515,1
19525,1
19527,1
19536,1
19540,1
19548,1
19553,0
19560,0
19561,1
19565,1
19582,0
19586,0
19587,1
19593,0
19595,1
19608,0
19610,1
19621,0
19625,1
19627,1
19631,1
19641,0
19642,0
19644,0
19645,0
19649,1
19668,1
19677,1
19679,1
19685,1
19690,1
19693,1
19695,0
19701,1
19702,1
19703,1
19704,1
19710,0
19720,0
19721,1
19727,0
19733,1
19738,1
19742,0
19744,0
19745,0
19748,0
19752,1
19756,1
19757,1
19761,1
19765,0
19772,0
19774,0
19781,0
19784,0
19786,1
19790,1
19795,1
19798,1
19803,1
19804,1
19816,1
19819,1
19823,1
19824,1
19827,0
19830,0
19831,0
19832,1
19835,1
19857,1
19862,0
19866,0
19878,1
19881,0
19883,1
19889,1
19890,0
19895,1
19896,1
19898,0
19900,1
19903,0
19907,1
19914,1
19919,0
19929,0
19930,0
19932,1
19937,1
19940,1
19945,1
19952,0
19966,0
19969,1
19977,1
19978,0
19979,0
19984,1
19990,0
19991,0
20015,1
20019,1
20020,1
20022,1
20025,0
20026,1
20031,1
20036,1
20037,0
20038,0
20041,1
20048,0
20051,1
20058,0
20065,1
20069,1
20074,1
20081,1
20084,0
20086,1
20090,1
20092,1
20102,1
20104,0
20107,1
20113,0
20115,1
20116,1
20119,0
20123,1
20127,0
20139,0
20141,0
20145,1
20151,1
20157,1
20162,1
20167,0
20170,1
20176,0
20191,0
20194,1
20196,1
20206,1
20218,1
20237,0
20239,0
20242,0
20243,0
20246,1
20249,1
20253,1
20254,0
20256,0
20258,0
20261,0
20270,0
20276,1
20277,0
20278,1
20280,0
20301,0
20302,1
20313,0
20319,1
20326,0
20328,0
20331,0
20338,0
20339,0
20345,0
20346,0
20348,1
20351,0
20356,1
20361,1
20370,0
20382,0
20383,0
20410,0
20411,1
20414,1
20415,0
20420,1
20426,1
20427,0
20433,1
20455,1
20458,1
20467,0
20476,1
20479,1
20480,1
20493,1
20515,1
20516,1
20533,1
20534,1
20536,1
20538,0
20542,1
20545,0
20547,1
20563,0
20566,0
20576,0
20580,1
20584,1
20585,1
20586,1
20589,1
20592,0
20599,1
20608,1
20611,0
20612,0
20624,0
20625,1
20627,0
20628,0
20635,0
20637,0
20638,0
20640,0
20642,1
20643,1
20649,1
20652,1
20655,0
20673,0
20681,0
20682,0
20683,1
20695,0
20702,0
20703,0
20713,1
20717,1
20721,1
20723,1
20725,0
20733,0
20737,0
20741,0
20760,1
20761,1
20764,0
20769,0
20772,0
20774,0
20778,0
20781,1
20788,0
20791,1
20800,0
20802,1
20803,0
20806,1
20812,1
20825,1
20830,1
20832,1
20836,0
20845,1
20848,0
20856,1
20858,0
20860,1
20861,0
20864,1
20869,0
20879,1
20881,0
20885,0
20888,1
20895,1
20900,1
20902,1
20921,1
20926,0
20929,1
20932,1
20935,1
20936,1
20937,0
20945,0
20946,0
20947,0
20950,1
20962,1
20965,1
20971,1
20979,1
20987,1
20996,0
21004,1
21005,1
21008,0
21009,1
21010,0
21023,0
21025,0
21029,1
21030,0
21031,0
21037,1
21038,1
21041,1
21046,0
21051,1
21052,1
21055,0
21056,1
21061,0
21072,0
21083,0
21085,0
21089,1
21091,0
21096,0
21098,1
21110,0
21117,0
21121,1
21124,1
21130,0
21132,1
21138,0
21141,0
21145,0
21151,1
21157,1
21164,1
21169,1
21172,1
21174,1
21179,1
21180,1
21184,0
21189,0
21190,1
21197,1
21200,1
21205,0
21210,1
21216,1
21218,1
21220,0
21225,0
21230,1
21237,1
21241,0
21243,0
21247,1
21249,0
21252,0
21266,1
21275,0
21288,1
21308,1
21310,1
21317,0
21318,1
21320,1
21328,1
21331,0
21334,1
21337,1
21341,1
21344,1
21348,1
21369,1
21370,0
21371,1
21374,0
21377,1
21390,0
21391,1
21392,0
21401,0
21402,0
21404,1
21405,1
21406,0
21407,1
21415,1
21424,0
21428,1
21437,1
21441,1
21442,0
21453,0
21455,1
21469,0
21471,0
21483,1
21491,1
21493,0
21494,1
21501,1
21506,0
21512,1
21514,0
21518,1
21520,1
21525,1
21526,1
21538,0
21539,0
21544,1
21559,1
21563,1
21569,1
21573,0
21583,1
21586,0
21589,1
21599,0
21611,0
21616,1
21622,0
21623,1
21626,1
21634,1
21643,0
21646,0
21660,1
21667,0
21671,0
21674,1
21677,1
21686,0
21687,0
21694,0
21706,1
21710,0
21717,0
21722,0
21735,0
21747,0
21757,0
21764,0
21771,0
21778,1
21783,0
21784,0
21787,0
21795,0
21796,0
21799,0
21800,0
21802,1
21805,0
21808,1
21817,0
21821,0
21825,1
21829,1
21831,1
21833,0
21840,1
21853,0
21855,0
21862,0
21864,0
21867,1
21868,1
21876,0
21877,0
21881,0
21882,0
21883,0
21884,0
21886,1
21892,0
21896,1
21917,0
21920,1
21923,0
21926,1
21929,1
21930,0
21932,0
21934,0
21939,0
21944,0
21947,1
21948,0
21953,1
21958,0
21963,1
21964,1
21970,1
21971,0
21973,1
21974,0
21980,1
21983,0
21988,0
21989,0
21993,0
21997,1
22009,0
22020,1
22021,1
22025,0
22030,1
22042,0
22047,1
22054,0
22057,0
22058,0
22064,1
22068,1
22077,0
22083,1
22085,1
22088,0
22090,1
22093,0
22095,0
22110,1
22111,0
22123,0
22127,0
22135,0
22146,1
22150,0
22158,0
22163,0
22165,1
22167,1
22174,1
22175,0
22180,0
22185,0
22189,0
22192,0
22195,0
22198,1
22201,0
22207,0
22214,0
22231,1
22234,0
22235,0
22239,0
22242,1
22243,0
22245,0
22252,0
22255,1
22256,1
22260,1
22261,0
22264,0
22267,1
22268,1
22274,1
22276,1
22283,0
22298,1
22300,0
22302,0
22309,0
22312,0
22319,1
22328,1
22330,1
22335,0
22338,1
22340,1
22341,1
22344,1
22350,1
22352,0
22361,1
22364,1
22365,1
22381,1
22387,1
22389,0
22390,1
22391,1
22407,0
22409,1
22411,1
22412,0
22419,1
22420,1
22423,0
22426,1
22431,1
22434,0
22441,0
22445,1
22447,0
22455,0
22456,1
22464,0
22467,1
22469,1
22489,0
22496,0
22504,0
22513,1
22517,0
22522,1
22530,0
22537,1
22547,1
22560,1
22563,1
22566,1
22568,1
22573,1
22577,1
22578,0
22583,1
22584,0
22594,0
22595,1
22600,0
22602,1
22603,0
22607,0
22612,0
22620,1
22626,0
22630,0
22641,1
22657,1
22660,0
22661,1
22668,0
22669,1
22679,1
22686,0
22688,0
22690,1
22696,1
22708,1
22715,1
22719,0
22723,0
22727,0
22735,1
22736,0
22739,0
22743,1
22745,0
22748,0
22752,1
22753,1
22768,1
22773,1
22774,1
22778,1
22780,1
22782,0
22783,0
22787,1
22788,1
22803,1
22808,1
22809,1
22813,1
22820,1
22822,0
22830,1
22835,0
22843,0
22851,1
22852,1
22858,1
22859,1
22861,0
22862,0
22878,0
22887,1
22892,0
22907,1
22911,1
22916,1
22918,1
22924,1
22926,1
22948,0
22951,0
22970,0
22975,0
22981,1
22990,0
22997,1
23004,1
23008,1
23014,0
23017,0
23025,1
23030,1
23031,1
23039,1
23041,1
23052,1
23059,0
23061,1
23069,1
23070,1
23073,1
23089,1
23092,1
23100,1
23107,1
23111,1
23112,1
23116,1
23124,1
23128,1
23129,1
23141,1
23143,1
23146,1
23148,0
23151,1
23152,1
23158,1
23161,1
23164,1
23171,1
23174,1
23185,1
23194,0
23195,1
23199,0
23201,0
23202,0
23217,1
23218,0
23219,0
23227,0
23229,1
23233,0
23238,0
23245,0
23247,1
23252,1
23254,1
23255,1
23262,0
23274,1
23277,0
23286,1
23288,1
23289,1
23290,1
23291,1
23293,0
23303,1
23306,1
23311,1
23314,1
23315,1
23317,1
23324,1
23330,0
23333,0
23356,0
23357,1
23365,0
23369,0
23374,1
23375,0
23378,0
23382,1
23386,0
23388,1
23392,0
23395,1
23397,1
23401,1
23407,1
23413,1
23415,0
23416,1
23422,1
23425,0
23428,0
23435,1
23440,0
23441,1
23444,1
23450,0
23452,1
23457,0
23462,0
23465,0
23468,0
23470,0
23474,1
23480,1
23484,1
23490,1
23522,1
23526,1
23528,1
23532,1
23533,0
23536,1
23542,1
23554,1
23557,1
23558,1
23563,1
23578,1
23583,1
23604,1
23609,0
23611,1
23613,0
23622,0
23623,0
23638,1
23644,0
23653,1
23656,1
23663,1
23678,0
23679,1
23681,0
23685,0
23690,1
23693,1
23698,1
23700,0
23701,0
23706,1
23713,0
23725,1
23732,1
23734,0
23743,1
23746,0
23747,1
23749,0
23752,0
23754,0
23764,0
23765,0
23766,1
23767,0
23770,1
23775,0
23790,1
23796,0
23800,1
23809,0
23810,1
23823,1
23825,0
23826,1
23828,0
23829,1
23830,1
23834,1
23837,1
23847,0
23858,0
23860,0
23862,1
23865,1
23877,0
23884,0
23892,1
23897,1
23898,1
23902,0
23904,0
23906,1
23913,0
23929,0
23937,1
23938,0
23939,1
23944,0
23949,0
23950,0
23954,0
23961,0
23962,0
23965,0
23967,1
23973,0
23974,1
23980,1
23983,0
23984,0
23985,1
23989,0
23992,1
24000,1
24004,0
24012,0
24021,1
24024,0
24026,1
24031,1
24034,1
24041,0
24042,1
24047,0
24054,0
24062,0
24063,1
24067,1
24074,1
24080,0
24081,0
24086,0
24092,1
24099,1
24101,0
24107,0
24110,1
24111,1
24113,1
24114,1
24118,1
24127,0
24130,1
24133,0
24146,0
24150,1
24152,1
24164,1
24166,0
24169,1
24171,1
24177,1
24188,1
24189,0
24192,1
24195,1
24201,1
24203,1
24205,1
24208,0
24212,0
24216,1
24218,1
24221,1
24222,1
24233,1
24255,0
24262,1
24266,0
24269,1
24272,0
24294,1
24295,1
24296,1
24304,1
24310,1
24311,1
24320,1
24322,1
24334,1
24336,1
24340,1
24348,1
24354,1
24355,1
24360,1
24368,1
24375,1
24386,0
24389,1
24390,0
24398,1
24399,1
24406,1
24408,1
24410,1
24419,0
24423,1
24425,0
24429,1
24432,1
24438,0
24452,1
24453,1
24468,1
24471,1
24486,1
24488,1
24489,1
24490,1
24496,0
24498,0
24507,1
24513,0
24519,0
24532,1
24552,1
24556,1
24563,1
24569,1
24586,1
24587,1
24589,1
24597,1
24611,1
24616,1
24631,1
24636,0
24654,0
24655,1
24663,1
24666,0
24668,0
24672,1
24676,0
24705,0
24719,0
24720,1
24721,0
24731,0
24738,0
24752,1
24762,1
24767,1
24769,1
24773,0
24775,1
24778,0
24780,1
24782,1
24784,0
24791,1
24792,1
24800,0
24809,1
24810,0
24812,0
24813,1
24814,1
24826,1
24843,1
24854,1
24858,1
24865,1
24867,0
24871,1
24879,1
24880,0
24881,1
24884,1
24895,0
24896,0
24899,1
24901,1
24902,0
24903,0
24905,1
24924,0
24930,1
24935,1
24936,1
24939,0
24941,1
24947,0
24954,1
24958,1
24961,1
24969,1
24973,1
24974,1
24977,1
24979,0
24983,1
24985,1
24993,1
24994,0
25013,0
25027,1
25031,0
25033,1
25039,0
25044,1
25045,1
25048,1
25052,0
25053,0
25055,1
25072,1
25074,1
25081,1
25090,0
25093,0
25099,0
25104,1
25113,0
25117,0
25122,1
25123,1
25124,0
25131,1
25134,1
25139,1
25141,1
25142,0
25145,0
25162,1
25183,1
25184,1
25187,0
25198,1
25203,1
25207,0
25212,1
25214,1
25218,0
25220,1
25221,0
25227,1
25241,1
25259,1
25261,0
25269,0
25270,1
25271,1
25276,1
25279,0
25282,1
25285,1
25288,0
25290,1
25294,0
25296,1
25301,1
25303,1
25311,0
25313,1
25315,1
25316,1
25322,0
25326,1
25327,0
25328,1
25339,1
25343,0
25344,0
25348,1
25351,1
25352,0
25364,1
25370,1
25372,1
25375,1
25380,0
25381,0
25385,1
25387,0
25396,0
25397,0
25401,1
25405,0
25407,0
25408,0
25419,1
25427,0
25431,0
25433,0
25442,1
25451,0
25457,1
25459,1
25469,1
25471,1
25474,1
25475,1
25476,0
25477,1
25486,0
25497,0
25502,1
25504,0
25510,0
25512,1
25514,1
25515,1
25517,0
25531,1
25545,1
25546,1
25548,1
25550,1
25554,1
25560,1
25564,1
25565,0
25567,1
25569,0
25575,1
25579,1
25584,1
25585,0
25588,1
25598,1
25600,1
25602,1
25607,1
25614,1
25615,1
25620,1
25628,0
25633,1
25634,0
25637,0
25640,1
25643,1
25644,0
25649,0
25650,1
25652,1
25654,0
25657,1
25666,0
25668,0
25672,1
25674,1
25675,1
25676,1
25678,0
25680,0
25685,0
25690,0
25697,0
25700,1
25704,0
25713,1
25728,1
25733,1
25736,1
25748,1
25749,0
25768,1
25772,1
25783,1
25793,1
25806,1
25810,0
25812,0
25813,1
25818,1
25821,1
25828,0
25832,0
25833,0
25838,1
25854,1
25857,0
25860,1
25866,1
25879,1
25880,1
25884,0
25886,0
25891,1
25913,1
25919,0
25923,0
25925,1
25926,1
25930,0
25931,0
25933,1
25944,0
25948,1
25952,1
25956,0
25958,0
25960,0
25962,1
25963,1
25966,0
25971,1
25972,1
25973,1
25974,0
25981,1
25982,1
25986,1
25988,0
25989,0
25992,0
25995,0
25996,1
25998,0
26000,1
26003,0
26007,1
26008,1
26013,1
26033,0
26037,1
26052,1
26062,1
26072,1
26073,1
26074,1
26078,1
26082,0
26083,0
26087,0
26093,0
26095,1
26097,0
26099,0
26103,0
26109,0
26117,0
26120,1
26124,1
26130,0
26132,0
26135,0
26145,0
26146,1
26147,0
26150,0
26165,1
26167,1
26170,1
26171,0
26173,1
26181,0
26183,1
26185,0
26189,0
26204,1
26207,1
26208,1
26209,1
26211,1
26219,0
26220,0
26221,0
26223,1
26230,1
26234,1
26242,0
26251,1
26253,1
26255,1
26256,1
26259,1
26261,1
26265,1
26268,1
26269,1
26280,0
26288,0
26289,1
26291,1
26297,1
26309,1
26312,1
26315,0
26326,1
26329,1
26339,1
26345,0
26346,1
26347,0
26354,1
26356,1
26358,0
26362,0
26365,1
26368,1
26371,0
26373,0
26374,1
26385,1
26386,0
26389,1
26392,1
26393,1
26396,0
26397,0
26402,0
26418,0
26419,0
26427,1
26430,1
26437,0
26438,1
26441,1
26448,1
26451,0
26452,0
26455,1
26456,1
26470,1
26473,1
26492,0
26500,1
26509,1
26510,1
26513,0
26514,1
26520,1
26523,0
26536,0
26538,1
26546,0
26551,0
26553,0
26554,1
26556,0
26563,1
26579,1
26583,1
26589,0
26591,1
26592,0
26593,1
26595,1
26599,1
26603,1
26609,1
26616,1
26619,1
26629,0
26634,1
26636,1
26646,1
26653,0
26663,1
26665,0
26666,0
26678,1
26687,1
26694,1
26698,1
26699,0
26703,1
26704,0
26705,0
26711,1
26712,1
26717,1
26724,1
26731,0
26733,0
26745,1
26749,0
26754,1
26758,0
26759,1
26764,1
26768,1
26769,0
26770,1
26773,1
26774,0
26775,0
26782,0
26787,1
26788,1
26791,1
26794,1
26795,1
26796,1
26809,0
26817,0
26820,1
26821,1
26823,0
26831,1
26839,1
26840,1
26841,0
26843,1
26846,0
26848,0
26850,1
26852,1
26854,0
26856,0
26858,0
26859,1
26860,1
26863,1
26864,1
26865,0
26869,0
26877,0
26883,0
26892,1
26893,0
26895,0
26896,0
26898,0
26906,1
26910,0
26911,0
26920,0
26922,0
26927,0
26933,0
26938,0
26954,0
26957,0
26959,1
26961,0
26964,0
26976,0
26977,0
26979,0
26981,0
26994,0
27003,0
27012,0
27013,0
27018,1
27019,0
27027,1
27028,0
27032,1
27034,0
27038,0
27039,0
27044,1
27056,1
27062,0
27063,0
27087,0
27093,0
27102,0
27107,0
27112,0
27119,0
27123,0
27126,1
27131,1
27143,0
27148,0
27152,0
27157,1
27164,1
27169,0
27171,1
27178,1
27181,0
27186,1
27188,1
27194,1
27195,0
27199,0
27201,1
27206,0
27210,0
27213,0
27214,1
27216,1
27230,1
27238,1
27248,0
27249,0
27255,1
27256,1
27257,1
27260,1
27262,1
27263,1
27265,0
27272,1
27289,0
27290,0
27291,0
27300,1
27313,1
27317,0
27320,1
27321,1
27323,0
27347,1
27348,0
27349,0
27353,1
27355,1
27371,1
27374,0
27389,1
27391,1
27407,1
27435,1
27437,1
27441,1
27443,0
27444,0
27448,0
27450,0
27466,1
27467,0
27479,1
27488,1
27491,0
27499,1
27501,0
27505,1
27507,1
27513,1
27516,1
27518,0
27526,1
27531,1
27532,0
27535,1
27540,1
27546,1
27566,1
27569,1
27575,0
27580,0
27583,0
27587,1
27588,1
27590,0
27598,1
27602,1
27605,1
27612,1
27613,1
27618,1
27623,0
27628,1
27630,1
27632,1
27637,0
27639,1
27646,1
27661,1
27671,1
27673,0
27674,1
27675,1
27677,1
27680,0
27681,1
27683,1
27684,1
27698,0
27700,1
27713,1
27716,1
27719,0
27722,1
27726,1
27731,1
27735,1
27737,1
27746,1
27759,1
27762,0
27763,1
27765,0
27773,1
27775,0
27791,1
27792,1
27798,1
27806,0
27808,1
27810,0
27812,1
27820,1
27822,1
27823,1
27827,1
27828,1
27831,1
27836,0
27852,1
27854,0
27855,1
27856,0
27862,0
27885,0
27892,0
27897,0
27899,0
27905,0
27916,0
27922,0
27929,1
27930,0
27935,1
27936,0
27940,0
27959,1
27967,1
27970,1
27974,1
27989,1
27992,1
27994,1
27998,1
28002,1
28005,1
28006,1
28011,1
28018,0
28019,0
28021,1
28023,0
28034,1
28038,1
28044,1
28049,1
28053,0
28059,0
28062,0
28071,0
28076,1
28079,1
28083,1
28085,1
28088,0
28093,1
28096,1
28098,1
28099,1
28100,1
28103,1
28111,1
28112,1
28118,1
28126,1
28133,1
28137,1
28138,1
28141,1
28142,1
28143,1
28150,1
28152,1
28153,1
28155,1
28164,1
28167,1
28172,1
28178,0
28190,0
28191,0
28194,1
28195,0
28207,0
28231,0
28234,0
28240,0
28241,0
28243,1
28244,1
28246,1
28254,0
28260,0
28261,0
28263,0
28268,1
28270,1
28275,1
28290,1
28296,0
28315,1
28319,1
28322,1
28328,1
28329,0
28331,0
28332,0
28336,1
28338,0
28351,0
28353,0
28357,1
28368,1
28370,1
28383,1
28394,1
28395,1
28398,1
28400,1
28401,0
28407,1
28413,1
28419,1
28421,0
28422,1
28425,0
28432,1
28433,1
28436,1
28439,1
28452,1
28455,1
28460,1
28461,1
28466,0
28467,0
28470,1
28476,0
28477,1
28486,1
28492,1
28497,1
28503,0
28510,0
28511,0
28517,0
28520,1
28529,1
28531,1
28535,0
28540,1
28553,0
28559,1
28560,1
28567,1
28576,1
28579,1
28589,0
28602,0
28605,1
28610,1
28611,1
28618,0
28621,1
28626,0
28629,0
28636,1
28644,0
28646,0
28647,1
28653,1
28657,1
28662,1
28668,1
28672,1
28679,1
28687,1
28691,0
28695,1
28697,0
28706,1
28712,0
28713,0
28722,0
28731,0
28733,0
28734,0
28738,0
28746,1
28752,0
28774,0
28778,0
28785,1
28789,0
28796,1
28802,0
28807,1
28808,0
28814,1
28817,1
28818,1
28827,1
28829,1
28830,1
28831,1
28835,1
28863,1
28864,0
28866,1
28871,1
28872,1
28873,0
28881,1
28883,1
28896,1
28898,1
28910,1
28911,1
28912,1
28914,1
28916,1
28917,1
28918,0
28923,1
28928,0
28929,1
28948,1
28949,0
28950,1
28960,1
28963,1
28977,1
28986,1
28989,1
28995,1
29001,1
29003,0
29007,1
29008,1
29012,1
29016,1
29030,1
29036,1
29047,1
29056,1
29058,1
29079,1
29080,1
29084,0
29090,0
29093,1
29097,0
29109,1
29116,1
29118,1
29125,0
29127,1
29134,1
29137,0
29140,1
29144,1
29148,1
29153,1
29156,1
29188,0
29201,1
29203,0
29205,1
29207,0
29219,0
29234,0
29242,1
29244,1
29245,0
29259,0
29262,1
29269,1
29275,1
29288,1
29289,1
29304,1
29310,1
29315,1
29319,1
29330,0
29338,1
29342,1
29352,0
29357,1
29365,1
29373,1
29375,1
29385,1
29387,1
29388,0
29394,1
29399,0
29402,1
29408,1
29416,1
29418,1
29425,0
29428,0
29430,1
29435,0
29436,1
29441,1
29448,1
29449,1
29454,1
29459,1
29461,0
29466,1
29475,1
29476,0
29478,1
29481,0
29492,1
29499,0
29500,1
29502,0
29505,0
29506,1
29507,1
29521,0
29527,1
29544,0
29549,1
29552,0
29557,0
29563,0
29570,0
29577,0
29583,1
29585,1
29588,1
29591,1
29595,0
29598,1
29599,1
29603,1
29610,1
29617,0
29621,1
29635,1
29641,1
29644,1
29648,0
29650,1
29652,1
29659,0
29661,1
29662,0
29664,1
29669,0
29674,1
29680,0
29681,1
29689,0
29695,0
29696,0
29703,0
29705,0
29709,1
29710,0
29719,1
29726,1
29728,1
29733,0
29747,1
29749,1
29753,1
29759,1
29760,0
29768,1
29772,1
29778,1
29782,1
29785,1
29791,1
29794,1
29804,1
29805,1
29809,0
29818,0
29819,0
29823,0
29824,0
29832,0
29840,1
29850,1
29855,1
29859,1
29862,1
29870,1
29874,1
29876,1
29878,1
29888,0
29890,1
29891,1
29894,1
29900,0
29905,0
29906,1
29910,0
29915,1
29921,1
29929,0
29937,0
29944,0
29950,0
29951,1
29952,1
29957,0
29964,1
29965,0
29970,1
29979,1
29980,1
29984,1
29990,1
29991,1
29996,1
29997,1
30006,0
30020,0
30029,0
30038,1
30039,0
30040,1
30053,0
30067,1
30077,1
30080,1
30108,0
30114,1
30135,0
30136,0
30137,0
30139,1
30142,1
30156,0
30160,1
30165,1
30167,1
30174,1
30179,1
30183,0
30184,1
30194,1
30218,1
30219,0
30220,1
30239,0
30244,1
30247,1
30250,0
30257,0
30265,0
30272,1
30274,1
30283,0
30291,1
30293,1
30299,1
30305,1
30314,0
30317,1
30320,1
30329,0
30335,0
30339,1
30344,0
30345,0
30348,1
30353,1
30361,0
30375,0
30379,0
30387,1
30404,0
30405,1
30411,1
30412,1
30413,1
30423,1
30424,1
30427,0
30432,0
30443,1
30445,0
30462,0
30470,0
30485,0
30499,0
30505,1
30508,0
30510,0
30512,1
30518,1
30530,1
30535,0
30546,0
30551,0
30556,1
30571,1
30573,0
30576,1
30579,1
30580,0
30586,0
30596,0
30598,0
30604,0
30611,1
30615,0
30618,0
30643,0
30647,1
30654,0
30660,1
30670,1
30675,0
30678,0
30683,1
30685,1
30696,0
30702,0
30707,1
30709,0
30717,1
30718,0
30724,1
30725,1
30726,0
30727,1
30728,1
30735,0
30743,1
30745,1
30746,1
30747,1
30755,0
30761,0
30764,1
30766,1
30769,0
30774,1
30776,1
30779,1
30785,1
30794,1
30804,1
30820,1
30825,0
30835,0
30840,0
30841,1
30843,1
30850,1
30866,0
30870,1
30872,0
30882,1
30887,1
30888,1
30895,1
30905,1
30910,1
30917,0
30918,0
30933,1
30935,1
30946,1
30960,1
30962,0
30965,0
30971,0
30980,1
30981,1
30983,1
30986,1
30999,0
31000,1
31013,1
31014,1
31016,1
31017,0
31018,0
31019,1
31033,1
31034,1
31036,1
31037,0
31040,0
31046,1
31049,1
31060,1
31069,0
31071,1
31075,0
31079,1
31088,0
31091,1
31095,1
31096,0
31102,0
31107,0
31110,1
31112,1
31116,1
31131,0
31144,0
31154,1
31157,0
31161,0
31164,0
31167,1
31177,1
31182,1
31189,1
31190,1
31191,1
31195,1
31201,1
31210,1
31211,1
31212,1
31214,1
31219,0
31235,1
31236,1
31237,1
31244,1
31247,1
31250,0
31266,0
31267,1
31276,1
31279,1
31285,1
31286,0
31294,1
31297,1
31302,1
31317,0
31318,1
31320,1
31321,0
31322,0
31324,1
31328,1
31334,1
31352,1
31356,1
31360,0
31361,1
31367,1
31370,1
31377,1
31384,0
31387,1
31394,1
31395,1
31403,0
31404,1
31411,1
31412,0
31414,1
31425,1
31427,1
31431,0
31439,0
31442,0
31456,0
31458,1
31462,1
31465,0
31469,1
31476,0
31480,1
31482,1
31483,0
31493,1
31494,1
31498,0
31512,0
31521,0
31522,1
31523,1
31525,1
31526,1
31527,1
31529,0
31535,0
31544,1
31557,1
31566,0
31571,1
31576,0
31577,1
31578,1
31584,0
31585,0
31588,1
31592,0
31595,1
31596,0
31597,1
31599,1
31600,1
31611,1
31613,0
31614,1
31625,1
31636,0
31647,1
31656,1
31657,1
31659,0
31663,1
31664,1
31667,1
31670,0
31672,1
31673,1
31675,0
31687,1
31699,1
31707,1
31709,1
31718,1
31723,0
31724,1
31733,1
31736,0
31741,1
31745,1
31762,0
31765,1
31771,1
31774,1
31776,1
31779,0
31786,0
31795,0
31796,0
31806,0
31834,1
31837,1
31839,1
31840,0
31841,1
31844,0
31850,1
31861,1
31866,1
31874,1
31876,0
31879,0
31894,1
31895,1
31896,1
31904,1
31911,1
31912,1
31922,0
31924,0
31925,0
31927,1
31931,1
31933,0
31934,0
31938,1
31939,0
31941,1
31942,1
31946,1
31948,1
31952,0
31955,1
31957,1
31962,0
31963,0
31966,1
31968,1
31976,0
31978,0
31979,0
32003,0
32007,0
32010,0
32019,0
32024,0
32029,0
32037,1
32042,0
32046,1
32048,1
32053,0
32056,1
32058,1
32063,0
32066,1
32068,0
32077,0
32082,1
32083,1
32085,0
32102,0
32106,1
32118,0
32120,1
32121,1
32122,0
32131,0
32140,1
32156,0
32158,0
32167,0
32176,0
32185,1
32186,1
32187,1
32191,1
32193,0
32198,0
32202,0
32206,1
32210,0
32215,1
32216,1
32220,1
32225,1
32259,0
32262,1
32265,0
32275,0
32282,1
32283,0
32292,1
32296,1
32305,1
32314,0
32322,0
32325,0
32326,1
32334,0
32335,0
32337,0
32344,0
32345,0
32346,0
32350,0
32356,0
32359,0
32362,1
32371,1
32376,1
32378,0
32383,0
32384,0
32386,1
32388,1
32396,0
32403,0
32404,0
32407,0
32413,1
32420,1
32423,0
32427,1
32428,1
32436,1
32437,0
32442,0
32452,0
32459,0
32461,0
32463,0
32472,1
32473,1
32475,0
32476,0
32485,1
32490,1
32496,0
32515,0
32519,1
32532,0
32539,0
32542,1
32560,1
32561,0
32562,1
32569,0
32577,1
32578,0
32583,1
32584,0
32589,1
32590,0
32598,1
32601,1
32609,1
32615,1
32618,1
32624,1
32630,1
32632,0
32634,1
32641,0
32646,1
32651,1
32653,0
32665,0
32668,1
32671,1
32675,0
32676,0
32690,0
32692,0
32700,1
32701,1
32709,0
32710,0
32711,1
32718,0
32724,1
32729,1
32730,0
32731,0
32733,1
32736,0
32737,1
32744,1
32748,1
32755,1
32757,0
32778,0
32785,0
32787,0
32795,0
32807,0
32815,1
32828,0
32831,0
32837,0
32838,0
32840,1
32847,1
32851,1
32852,1
32855,0
32857,1
32863,1
32867,0
32872,1
32877,0
32879,1
32882,1
32888,0
32891,0
32894,0
32898,0
32900,1
32902,1
32903,1
32905,0
32918,1
32938,1
32939,0
32945,1
32947,1
32955,0
32956,1
32961,1
32962,1
32970,0
32972,0
33000,0
33002,0
33004,0
33006,1
33010,1
33013,0
33020,0
33022,0
33047,0
33061,0
33066,1
33079,0
33092,1
33101,0
33103,0
33104,0
33109,0
33113,1
33116,0
33128,1
33129,1
33131,1
33132,1
33133,0
33137,1
33146,1
33149,1
33154,0
33155,0
33162,0
33176,0
33179,0
33189,1
33192,1
33205,1
33210,1
33218,0
33226,0
33231,1
33233,1
33234,1
33235,0
33241,0
33256,0
33269,0
33270,0
33274,1
33276,1
33278,0
33283,1
33288,0
33291,0
33298,0
33304,0
33305,1
33307,0
33310,1
33314,1
33318,0
33323,0
33327,0
33331,1
33338,1
33355,0
33356,0
33358,0
33360,0
33365,0
33371,0
33372,1
33374,1
33375,0
33376,0
33379,0
33380,1
33382,0
33392,1
33396,0
33405,1
33406,0
33408,1
33409,0
33413,0
33433,0
33435,0
33438,1
33439,0
33444,1
33445,0
33447,1
33449,0
33455,0
33462,0
33463,0
33465,0
33472,1
33474,1
33483,0
33487,0
33488,0
33498,1
33501,0
33502,0
33503,0
33506,0
33513,0
33516,0
33523,0
33524,0
33528,0
33541,0
33550,0
33553,0
33564,1
33565,0
33571,1
33578,1
33582,1
33584,1
33594,0
33597,0
33600,1
33612,0
33613,0
33618,0
33621,0
33624,0
33642,1
33647,1
33654,0
33656,1
33659,0
33662,1
33671,0
33692,0
33697,0
33701,0
33702,1
33707,0
33715,1
33716,0
33734,1
33738,1
33740,0
33744,1
33745,0
33747,1
33752,1
33760,0
33764,0
33765,1
33770,1
33791,1
33796,1
33798,0
33808,0
33809,0
33812,0
33813,0
33814,0
33815,0
33838,0
33839,0
33842,0
33846,0
33857,0
33860,0
33862,1
33867,0
33871,1
33872,0
33873,0
33878,0
33883,0
33885,0
33893,0
33902,0
33904,0
33905,0
33912,0
33914,0
33929,1
33931,0
33948,0
33950,0
33960,0
33961,1
33983,0
33984,0
33998,0
34000,0
34017,1
34020,0
34023,1
34029,0
34032,0
34042,0
34060,0
34061,0
34068,1
34072,0
34074,0
34077,1
34082,0
34083,1
34084,0
34085,0
34091,1
34095,0
34096,1
34097,1
34102,1
34111,1
34114,1
34115,1
34135,1
34138,0
34140,0
34141,1
34150,0
34153,1
34158,0
34165,0
34171,1
34172,1
34175,0
34178,0
34179,1
34181,0
34187,0
34190,1
34199,0
34205,1
34209,0
34212,1
34213,0
34218,0
34220,0
34226,0
34227,0
34228,0
34236,0
34251,0
34254,1
34257,0
34264,0
34265,0
34268,1
34273,0
34282,1
34286,1
34292,0
34293,0
34299,1
34304,0
34306,0
34308,1
34316,1
34332,0
34337,0
34338,1
34346,0
34348,0
34350,1
34352,0
34359,0
34360,0
34361,0
34368,0
34371,0
34373,1
34383,1
34386,0
34387,1
34388,0
34392,1
34394,0
34395,0
34398,0
34406,0
34411,0
34414,1
34415,1
34416,0
34418,0
34421,1
34433,0
34435,0
34449,0
34453,1
34455,1
34458,0
34461,0
34469,0
34470,1
34471,1
34473,0
34475,1
34476,0
34477,0
34478,1
34483,1
34497,1
34500,0
34516,1
34518,1
34520,0
34522,0
34523,1
34525,0
34527,0
34529,1
34533,1
34535,0
34541,1
34552,1
34554,1
34558,0
34565,1
34571,0
34574,0
34578,0
34586,1
34590,0
34591,0
34592,1
34596,0
34598,1
34599,0
34608,0
34614,1
34616,0
34620,0
34624,0
34627,0
34629,0
34647,0
34648,0
34651,1
34661,0
34664,1
34666,0
34667,0
34670,1
34672,0
34673,1
34674,1
34678,1
34706,1
34708,0
34721,1
34726,1
34727,1
34736,0
34738,1
34743,1
34747,0
34755,0
34759,1
34765,1
34778,0
34780,0
34781,0
34785,1
34796,0
34802,1
34806,0
34808,0
34810,0
34819,1
34827,1
34831,0
34832,0
34834,0
34835,0
34838,0
34842,1
34845,0
34846,0
34854,0
34865,0
34867,0
34872,0
34874,0
34879,1
34884,0
34889,0
34894,1
34895,1
34896,0
34897,1
34900,0
34905,1
34910,1
34912,1
34913,0
34915,1
34918,0
34925,0
34926,0
34929,1
34938,1
34939,0
34945,0
34952,1
34956,1
34958,0
34959,0
34968,0
34970,0
34976,0
34994,1
34997,0
35001,1
35002,1
35003,1
35007,1
35011,0
35028,1
35029,1
35031,0
35041,1
35049,0
35055,0
35062,1
35067,1
35069,1
35071,1
35078,1
35082,1
35083,1
35085,0
35091,0
35093,0
35094,0
35095,0
35101,1
35108,1
35123,1
35125,1
35129,0
35132,1
35137,0
35140,1
35141,0
35142,1
35158,1
35167,0
35173,0
35184,1
35186,1
35196,1
35208,0
35209,1
35210,0
35220,1
35229,0
35239,1
35241,0
35244,0
35252,1
35264,0
35278,0
35294,0
35300,0
35310,1
35312,0
35320,0
35330,1
35341,1
35342,0
35351,1
35360,1
35362,0
35376,0
35384,1
35387,1
35393,0
35403,1
35404,1
35406,0
35410,1
35413,0
35415,1
35421,0
35422,1
35428,1
35430,1
35434,1
35441,1
35446,0
35447,1
35454,1
35455,1
35463,1
35464,1
35465,0
35469,0
35471,1
35473,0
35480,0
35481,0
35483,1
35485,0
35489,1
35492,1
35498,1
35500,1
35505,1
35510,1
35512,1
35517,0
35520,1
35522,1
35528,0
35531,0
35537,1
35538,1
35539,1
35540,1
35550,1
35554,1
35559,0
35571,1
35574,1
35577,0
35578,0
35582,1
35589,0
35593,0
35603,0
35604,1
35606,1
35613,0
35616,1
35624,1
35630,0
35636,1
35639,1
35642,1
35660,1
35663,0
35665,1
35666,0
35668,1
35670,0
35684,0
35693,1
35695,1
35696,1
35702,0
35707,0
35712,0
35713,0
35725,1
35726,1
35727,0
35728,1
35730,0
35732,0
35739,1
35750,1
35755,1
35761,1
35764,1
35765,0
35767,0
35773,0
35789,1
35790,1
35797,1
35803,1
35804,0
35809,1
35818,1
35821,0
35834,1
35840,0
35855,0
35864,0
35866,1
35872,1
35875,1
35882,1
35884,0
35896,0
35900,0
35905,0
35923,0
35926,1
35927,0
35929,1
35931,1
35935,1
35936,1
35939,1
35942,1
35944,1
35948,1
35949,1
35957,1
35961,0
35971,0
35973,1
35974,0
35977,0
35981,0
35997,0
36017,1
36029,1
36053,0
36054,1
36056,0
36069,0
36070,0
36079,1
36083,1
36084,1
36085,0
36098,1
36100,0
36102,0
36111,0
36114,1
36145,1
36151,1
36156,0
36160,1
36163,0
36167,1
36168,0
36171,0
36180,1
36186,1
36188,0
36190,1
36191,0
36196,0
36197,0
36203,1
36213,1
36216,0
36218,1
36219,0
36220,1
36226,0
36227,1
36228,1
36229,0
36278,0
36280,0
36292,0
36300,1
36303,1
36304,1
36310,1
36322,1
36336,0
36339,1
36340,1
36341,0
36343,0
36346,1
36353,0
36354,0
36358,0
36369,0
36374,1
36376,1
36383,0
36397,1
36399,1
36401,0
36403,1
36409,1
36413,1
36417,1
36418,0
36424,1
36428,1
36430,1
36438,0
36444,1
36449,1
36457,1
36458,0
36464,0
36472,0
36474,0
36476,0
36497,0
36498,0
36499,0
36502,1
36508,1
36510,0
36514,1
36526,0
36527,1
36529,0
36535,0
36539,1
36549,1
36556,0
36557,0
36559,1
36560,1
36563,0
36565,0
36576,0
36585,1
36599,0
36601,1
36604,1
36605,0
36612,1
36615,1
36618,1
36630,1
36633,0
36644,0
36645,1
36651,1
36655,0
36665,1
36669,1
36672,1
36675,0
36677,0
36695,0
36696,1
36701,1
36704,1
36707,1
36710,0
36712,0
36717,0
36723,1
36730,0
36734,0
36736,1
36737,0
36738,1
36739,0
36742,1
36744,1
36748,1
36749,0
36753,1
36759,1
36771,1
36772,0
36775,0
36777,1
36781,0
36782,1
36791,0
36803,0
36804,1
36812,0
36814,0
36815,0
36818,0
36828,0
36835,1
36849,1
36851,0
36853,0
36877,0
36883,1
36887,0
36888,1
36910,0
36911,0
36912,1
36921,0
36924,0
36928,1
36930,0
36938,0
36944,1
36945,0
36950,0
36951,1
36954,1
36963,0
36981,0
36986,0
36990,0
36994,0
36995,1
36997,0
37000,1
37003,0
37007,0
37013,0
37015,0
37022,0
37031,1
37042,1
37050,0
37052,1
37059,0
37063,1
37070,1
37077,0
37078,1
37091,1
37101,0
37103,1
37108,1
37111,1
37112,1
37116,0
37119,0
37120,1
37121,1
37126,0
37133,1
37139,1
37140,0
37149,1
37150,1
37151,1
37152,1
37159,1
37163,0
37167,1
37181,0
37183,1
37190,1
37192,1
37198,1
37202,0
37207,1
37215,0
37216,1
37221,0
37222,0
37228,0
37237,0
37239,0
37242,0
37243,0
37244,0
37247,0
37262,0
37270,0
37282,1
37290,0
37293,0
37306,1
37322,1
37325,0
37326,1
37327,1
37333,1
37340,1
37345,0
37348,1
37349,0
37352,1
37354,0
37355,0
37361,0
37369,0
37371,1
37373,0
37376,0
37377,0
37385,1
37395,1
37400,1
37405,1
37426,0
37429,0
37430,1
37435,1
37442,0
37449,0
37450,0
37451,1
37460,0
37467,1
37474,1
37477,0
37481,0
37489,0
37491,1
37496,1
37498,1
37502,1
37504,1
37513,1
37520,0
37521,1
37534,1
37543,0
37544,1
37551,0
37555,0
37556,0
37561,0
37563,1
37587,0
37588,1
37591,0
37592,0
37607,1
37608,0
37611,0
37616,1
37618,0
37620,1
37621,1
37622,0
37625,0
37627,1
37629,0
37631,0
37646,0
37656,1
37659,0
37665,1
37666,0
37667,0
37675,0
37685,0
37686,0
37687,0
37689,0
37697,0
37704,1
37706,0
37708,0
37714,1
37726,1
37729,1
37731,0
37735,0
37736,1
37737,1
37738,0
37742,1
37746,0
37751,0
37759,0
37760,1
37764,0
37765,1
37777,0
37778,0
37780,0
37785,1
37786,0
37788,1
37789,0
37792,1
37830,1
37842,0
37844,0
37845,0
37850,0
37862,1
37878,0
37879,1
37881,0
37886,0
37891,0
37896,0
37899,1
37901,0
37905,0
37910,1
37923,1
37924,0
37927,1
37942,1
37946,1
37949,0
37952,0
37956,0
37957,0
37961,1
37966,0
37967,0
37968,0
37970,1
37972,0
37981,0
37982,0
37984,0
37993,0
37994,1
37997,1
38004,1
38013,1
38030,0
38043,0
38047,1
38054,1
38062,0
38063,0
38066,1
38070,0
38081,1
38085,0
38089,1
38098,1
38101,1
38102,1
38110,0
38114,0
38122,0
38123,0
38129,1
38139,0
38140,0
38146,1
38151,1
38157,1
38168,1
38175,0
38184,1
38188,1
38190,0
38193,0
38194,1
38209,0
38213,0
38218,0
38222,0
38228,0
38229,0
38230,1
38231,0
38250,0
38255,0
38257,0
38261,0
38264,1
38269,0
38274,0
38283,1
38285,0
38288,0
38292,0
38297,1
38302,0
38305,1
38306,0
38313,0
38315,0
38320,0
38324,0
38325,1
38337,1
38370,0
38372,0
38377,0
38379,1
38380,0
38386,0
38387,0
38392,0
38401,1
38402,0
38407,0
38408,0
38411,0
38419,1
38425,0
38426,0
38437,0
38439,0
38444,0
38445,1
38446,1
38448,0
38454,0
38460,1
38472,0
38473,1
38492,0
38493,0
38497,1
38498,0
38501,1
38505,0
38510,0
38519,0
38521,0
38534,0
38537,0
38539,0
38543,0
38551,1
38553,0
38562,0
38569,0
38574,1
38578,0
38582,0
38584,0
38587,0
38596,0
38606,0
38609,0
38612,0
38624,1
38635,0
38638,1
38643,0
38645,0
38648,0
38652,0
38655,1
38660,0
38662,0
38668,1
38674,0
38675,0
38676,1
38678,0
38685,0
38690,0
38695,0
38696,1
38701,1
38702,0
38706,1
38708,0
38712,0
38715,0
38726,0
38733,0
38735,0
38739,0
38745,0
38749,1
38751,0
38765,1
38768,0
38778,0
38786,0
38790,0
38792,0
38794,0
38801,1
38802,1
38804,1
38811,0
38814,0
38824,0
38832,0
38839,0
38840,0
38845,1
38864,0
38868,1
38881,1
38894,0
38897,1
38900,0
38904,0
38907,0
38910,1
38912,0
38920,0
38923,1
38929,0
38931,0
38933,0
38941,0
38945,0
38947,0
38963,0
38968,0
38977,1
38984,0
38985,0
38989,1
38992,0
38998,1
39008,1
39011,0
39015,0
39024,1
39025,1
39028,1
39035,1
39038,1
39042,1
39046,0
39050,0
39062,0
39064,0
39072,0
39076,0
39078,0
39080,0
39081,0
39087,0
39094,0
39096,0
39103,0
39109,1
39115,0
39132,0
39136,1
39146,1
39158,0
39164,1
39165,0
39169,1
39173,1
39174,1
39175,0
39176,0
39178,1
39183,1
39187,1
39188,0
39189,0
39194,1
39196,0
39208,0
39209,0
39213,0
39220,0
39226,1
39233,1
39235,0
39237,0
39242,0
39244,1
39245,1
39255,1
39260,0
39263,1
39270,1
39275,1
39283,0
39289,0
39291,1
39294,1
39298,0
39299,0
39304,1
39309,0
39315,0
39318,0
39325,0
39332,1
39336,0
39346,0
39350,1
39357,0
39362,0
39364,0
39368,1
39369,1
39377,0
39378,1
39379,0
39395,1
39398,1
39400,0
39404,0
39406,1
39409,1
39416,1
39422,0
39430,1
39432,1
39439,1
39450,0
39452,0
39460,1
39475,1
39478,1
39479,1
39483,0
39486,0
39490,1
39491,0
39500,1
39505,1
39513,1
39514,1
39518,1
39523,1
39525,1
39535,0
39539,1
39540,0
39554,1
39555,0
39573,1
39585,1
39590,1
39592,1
39594,0
39596,0
39602,1
39606,1
39608,1
39615,0
39619,0
39623,1
39631,1
39632,1
39635,0
39642,1
39645,1
39657,1
39659,1
39669,1
39672,1
39673,1
39677,1
39680,0
39681,0
39684,0
39688,1
39699,1
39701,1
39702,1
39704,0
39706,1
39711,0
39725,1
39729,0
39734,0
39741,1
39744,1
39747,1
39753,1
39755,1
39758,1
39770,0
39773,1
39783,0
39786,1
39790,1
39794,0
39795,0
39805,1
39812,1
39814,1
39815,0
39816,0
39819,0
39824,1
39830,1
39831,1
39836,1
39837,1
39842,1
39849,1
39850,0
39853,0
39857,1
39858,1
39860,1
39868,1
39872,0
39878,1
39885,1
39886,1
39895,1
39911,1
39912,1
39913,1
39914,1
39920,0
39923,1
39924,0
39929,0
39933,0
39935,0
39941,1
39962,1
39968,1
39969,0
39975,1
39985,1
39986,1
39989,1
39993,1
39994,1
39998,1
40000,0
40001,1
40003,0
40007,0
40025,1
40026,0
40036,1
40040,0
40047,1
40051,0
40060,0
40075,0
40084,0
40094,0
40096,0
40097,0
40105,0
40107,0
40108,0
40111,0
40114,0
40121,0
40127,1
40141,0
40157,1
40165,0
40166,0
40169,0
40170,0
40185,1
40188,1
40191,1
40194,1
40196,1
40198,1
40200,1
40201,1
40209,0
40211,1
40223,1
40231,1
40232,0
40238,0
40239,1
40242,0
40245,1
40249,0
40255,0
40257,0
40264,0
40265,0
40266,1
40273,0
40277,0
40280,0
40281,0
40286,1
40287,0
40288,0
40293,1
40294,0
40299,0
40301,0
40304,0
40305,0
40307,1
40309,1
40320,0
40324,1
40327,0
40333,1
40336,1
40352,1
40357,1
40359,1
40360,0
40371,0
40373,1
40375,0
40376,0
40380,1
40382,1
40384,0
40387,1
40391,1
40399,1
40400,1
40403,1
40407,1
40416,0
40417,0
40424,0
40427,0
40430,0
40443,1
40448,1
40449,0
40456,1
40458,0
40462,1
40483,1
40486,0
40488,0
40503,1
40505,1
40518,1
40525,0
40526,0
40530,0
40533,1
40537,0
40539,1
40541,1
40543,1
40547,0
40548,1
40553,0
40558,1
40562,1
40591,1
40595,1
40608,0
40613,0
40619,0
40624,1
40626,1
40633,1
40634,1
40641,0
40650,0
40657,0
40663,1
40667,1
40669,0
40674,1
40682,0
40685,0
40689,1
40691,0
40698,1
40704,1
40708,1
40716,0
40722,0
40723,0
40734,0
40735,0
40736,1
40737,1
40740,1
40749,1
40755,0
40759,0
40774,1
40778,1
40784,0
40785,1
40787,1
40789,0
40795,1
40803,1
40806,0
40812,0
40817,0
40828,0
40833,1
40834,0
40839,1
40848,0
40851,1
40858,0
40860,0
40866,0
40869,0
40870,0
40876,1
40880,1
40881,0
40883,1
40884,1
40895,1
40899,0
40902,0
40906,0
40928,0
40929,0
40941,0
40946,0
40950,1
40951,1
40955,0
40957,1
40958,1
40962,0
40963,0
40973,1
40974,1
40975,0
40977,1
40981,0
40988,1
40991,0
40994,0
40995,0
40998,0
41012,1
41014,1
41015,0
41017,1
41025,0
41029,1
41033,1
41035,0
41036,1
41046,1
41050,1
41060,0
41067,0
41068,0
41080,0
41082,1
41089,0
41095,1
41104,0
41108,1
41109,1
41116,0
41122,1
41125,1
41140,0
41141,0
41146,1
41149,1
41162,1
41163,1
41164,1
41166,1
41168,0
41186,0
41188,1
41200,0
41204,1
41213,0
41216,1
41217,0
41220,1
41222,0
41233,0
41234,1
41235,1
41240,0
41243,0
41244,0
41251,1
41262,0
41263,0
41266,0
41269,1
41274,1
41277,0
41285,1
41290,0
41292,1
41295,1
41297,1
41312,1
41323,0
41324,0
41332,0
41335,0
41351,0
41352,0
41362,1
41379,1
41384,1
41390,1
